Order_rcvg_firm_mpid,Order_event_type_cd,Action_type_cd,Firm_roe_id,Source_system,Order_rcvg_firm_ordrcvd_date,Order_rcvg_firm_order_id,Issue_symbol_id,Order_cancel_tmstp,Cancel_type_flag,Cancel_qty,Cancel_leaves_qty,Cancelled_by_flag,Cancelled_by_flag_countagg,Data_source,Event_Code
11,OR_CL_1,REVERT,FR1,OATS,3/2/2018,1,D1,3/9/2018 13:23,X,1,0,N,0,OATS,New
11,OR_CL_1,REVERT,FR2,OATS,3/2/2018,2,D1,3/10/2018 13:23,X,2,0,N,0,OATS,New
11,OR_CL_1,REVERT,FR3,OATS,3/2/2018,3,D1,3/11/2018 13:23,X,3,0,N,0,OATS,Modify
11,OR_CL_1,REVERT,FR4,OATS,3/2/2018,4,D1,3/12/2018 13:23,X,4,0,N,0,OATS,Modify
11,OR_CL_1,REVERT,FR5,OATS,3/2/2018,5,D1,3/13/2018 13:23,X,5,0,N,0,OATS,Modify
22,OR_CL_1,REVERT,FR6,OATS,3/3/2018,6,D1,3/14/2018 13:23,X,6,0,N,0,OATS,Modify
22,OR_CL_1,REVERT,FR7,OATS,3/3/2018,7,D1,3/15/2018 13:23,X,7,0,N,0,OATS,Modify
22,OR_CL_1,REVERT,FR8,OATS,3/3/2018,8,D1,3/16/2018 13:23,X,8,0,N,0,OATS,Route
22,OR_CL_1,REVERT,FR9,OATS,3/3/2018,9,D1,3/17/2018 13:23,X,9,0,N,0,OATS,Route
22,OR_CL_1,REVERT,FR10,OATS,3/3/2018,10,D1,3/18/2018 13:23,X,10,0,N,0,OATS,Route
33,OR_CL_1,REVERT,FR11,OATS,3/4/2018,11,D1,3/19/2018 13:23,X,11,0,N,1,OATS,Modify
33,OR_CL_1,REVERT,FR12,OATS,3/4/2018,12,D1,3/20/2018 13:23,X,12,0,N,1,OATS,Modify
33,OR_CL_1,REVERT,FR13,OATS,3/4/2018,13,D1,3/21/2018 13:23,X,13,0,N,1,OATS,New
36,OR_CL_1,REVERT,FR14,OATS,3/4/2018,14,D1,3/22/2018 13:23,X,14,0,N,1,OATS,Route
37,OR_CL_1,REVERT,FR15,OATS,3/4/2018,15,D1,3/23/2018 13:23,X,15,0,N,1,OATS,Route
41,OR_CL_1,REVERT,FR16,OATS,3/4/2018,16,D1,3/23/2019 13:23,X,15,0,N,1,OATS,Route
42,OR_CL_1,REVERT,FR17,OATS,3/4/2018,17,D1,3/23/2019 13:23,X,15,0,N,1,OATS,Route
43,OR_CL_1,REVERT,FR18,OATS,3/4/2018,18,D1,3/23/2019 13:23,X,15,0,N,1,OATS,Route
11,OR_CL_2,REVERT,FR1,OATS,3/2/2018,1,D1,3/9/2018 13:23,X,1,0,N,0,OATS,New
11,OR_CL_2,REVERT,FR2,OATS,3/2/2018,2,D1,3/10/2018 13:23,X,2,0,N,0,OATS,New
11,OR_CL_2,REVERT,FR3,OATS,3/2/2018,3,D1,3/11/2018 13:23,X,3,0,N,0,OATS,Modify
11,OR_CL_2,REVERT,FR4,OATS,3/2/2018,4,D1,3/12/2018 13:23,X,4,0,N,0,OATS,Modify
11,OR_CL_2,REVERT,FR5,OATS,3/2/2018,5,D1,3/13/2018 13:23,X,5,0,N,0,OATS,Modify
22,OR_CL_2,REVERT,FR6,OATS,3/3/2018,6,D1,3/14/2018 13:23,X,6,0,N,0,OATS,Modify
22,OR_CL_2,REVERT,FR7,OATS,3/3/2018,7,D1,3/15/2018 13:23,X,7,0,N,0,OATS,Modify
22,OR_CL_2,REVERT,FR8,OATS,3/3/2018,8,D1,3/16/2018 13:23,X,8,0,N,0,OATS,Route
22,OR_CL_2,REVERT,FR9,OATS,3/3/2018,9,D1,3/17/2018 13:23,X,9,0,N,0,OATS,Route
22,OR_CL_2,REVERT,FR10,OATS,3/3/2018,10,D1,3/18/2018 13:23,X,10,0,N,0,OATS,Route
33,OR_CL_2,REVERT,FR11,OATS,3/4/2018,11,D1,3/19/2018 13:23,X,11,0,N,1,OATS,Modify
33,OR_CL_2,REVERT,FR12,OATS,3/4/2018,12,D1,3/20/2018 13:23,X,12,0,N,1,OATS,Modify
33,OR_CL_2,REVERT,FR13,OATS,3/4/2018,13,D1,3/21/2018 13:23,X,13,0,N,1,OATS,New
36,OR_CL_2,REVERT,FR14,OATS,3/4/2018,14,D1,3/22/2018 13:23,X,14,0,N,1,OATS,Route
37,OR_CL_2,REVERT,FR15,OATS,3/4/2018,15,D1,3/23/2018 13:23,X,15,0,N,1,OATS,Route
41,OR_CL_2,REVERT,FR16,OATS,3/4/2018,16,D1,3/23/2019 13:23,X,15,0,N,1,OATS,Route
42,OR_CL_2,REVERT,FR17,OATS,3/4/2018,17,D1,3/23/2019 13:23,X,15,0,N,1,OATS,Route
43,OR_CL_2,REVERT,FR18,OATS,3/4/2018,18,D1,3/23/2019 13:23,X,15,0,N,1,OATS,Route
11,OR_CL_1,REVERT,FR1,OATS,3/2/2018,1,D1,3/9/2018 13:23,X,1,0,N,0,OATS,New
11,OR_CL_3,REVERT,FR2,OATS,3/2/2018,2,D1,3/10/2018 13:23,X,2,0,N,0,OATS,New
11,OR_CL_3,REVERT,FR3,OATS,3/2/2018,3,D1,3/11/2018 13:23,X,3,0,N,0,OATS,Modify
11,OR_CL_3,REVERT,FR4,OATS,3/2/2018,4,D1,3/12/2018 13:23,X,4,0,N,0,OATS,Modify
11,OR_CL_3,REVERT,FR5,OATS,3/2/2018,5,D1,3/13/2018 13:23,X,5,0,N,0,OATS,Modify
22,OR_CL_3,REVERT,FR6,OATS,3/3/2018,6,D1,3/14/2018 13:23,X,6,0,N,0,OATS,Modify
22,OR_CL_3,REVERT,FR7,OATS,3/3/2018,7,D1,3/15/2018 13:23,X,7,0,N,0,OATS,Modify
22,OR_CL_3,REVERT,FR8,OATS,3/3/2018,8,D1,3/16/2018 13:23,X,8,0,N,0,OATS,Route
22,OR_CL_3,REVERT,FR9,OATS,3/3/2018,9,D1,3/17/2018 13:23,X,9,0,N,0,OATS,Route
22,OR_CL_3,REVERT,FR10,OATS,3/3/2018,10,D1,3/18/2018 13:23,X,10,0,N,0,OATS,Route
33,OR_CL_3,REVERT,FR11,OATS,3/4/2018,11,D1,3/19/2018 13:23,X,11,0,N,1,OATS,Modify
33,OR_CL_3,REVERT,FR12,OATS,3/4/2018,12,D1,3/20/2018 13:23,X,12,0,N,1,OATS,Modify
33,OR_CL_3,REVERT,FR13,OATS,3/4/2018,13,D1,3/21/2018 13:23,X,13,0,N,1,OATS,New
36,OR_CL_3,REVERT,FR14,OATS,3/4/2018,14,D1,3/22/2018 13:23,X,14,0,N,1,OATS,Route
37,OR_CL_3,REVERT,FR15,OATS,3/4/2018,15,D1,3/23/2018 13:23,X,15,0,N,1,OATS,Route
41,OR_CL_3,REVERT,FR16,OATS,3/4/2018,16,D1,3/23/2019 13:23,X,15,0,N,1,OATS,Route
42,OR_CL_3,REVERT,FR17,OATS,3/4/2018,17,D1,3/23/2019 13:23,X,15,0,N,1,OATS,Route
43,OR_CL_3,REVERT,FR18,OATS,3/4/2018,18,D1,3/23/2019 13:23,X,15,0,N,1,OATS,Route
11,OR_CL_4,REVERT,FR1,OATS,3/2/2018,1,D1,3/9/2018 13:23,X,1,0,N,0,OATS,New
11,OR_CL_4,REVERT,FR2,OATS,3/2/2018,2,D1,3/10/2018 13:23,X,2,0,N,0,OATS,New
11,OR_CL_4,REVERT,FR3,OATS,3/2/2018,3,D1,3/11/2018 13:23,X,3,0,N,0,OATS,Modify
11,OR_CL_4,REVERT,FR4,OATS,3/2/2018,4,D1,3/12/2018 13:23,X,4,0,N,0,OATS,Modify
11,OR_CL_4,REVERT,FR5,OATS,3/2/2018,5,D1,3/13/2018 13:23,X,5,0,N,0,OATS,Modify
22,OR_CL_4,REVERT,FR6,OATS,3/3/2018,6,D1,3/14/2018 13:23,X,6,0,N,0,OATS,Modify
22,OR_CL_4,REVERT,FR7,OATS,3/3/2018,7,D1,3/15/2018 13:23,X,7,0,N,0,OATS,Modify
22,OR_CL_4,REVERT,FR8,OATS,3/3/2018,8,D1,3/16/2018 13:23,X,8,0,N,0,OATS,Route
22,OR_CL_4,REVERT,FR9,OATS,3/3/2018,9,D1,3/17/2018 13:23,X,9,0,N,0,OATS,Route
22,OR_CL_4,REVERT,FR10,OATS,3/3/2018,10,D1,3/18/2018 13:23,X,10,0,N,0,OATS,Route
33,OR_CL_4,REVERT,FR11,OATS,3/4/2018,11,D1,3/19/2018 13:23,X,11,0,N,1,OATS,Modify
33,OR_CL_4,REVERT,FR12,OATS,3/4/2018,12,D1,3/20/2018 13:23,X,12,0,N,1,OATS,Modify
33,OR_CL_4,REVERT,FR13,OATS,3/4/2018,13,D1,3/21/2018 13:23,X,13,0,N,1,OATS,New
36,OR_CL_4,REVERT,FR14,OATS,3/4/2018,14,D1,3/22/2018 13:23,X,14,0,N,1,OATS,Route
37,OR_CL_4,REVERT,FR15,OATS,3/4/2018,15,D1,3/23/2018 13:23,X,15,0,N,1,OATS,Route
41,OR_CL_4,REVERT,FR16,OATS,3/4/2018,16,D1,3/23/2019 13:23,X,15,0,N,1,OATS,Route
42,OR_CL_4,REVERT,FR17,OATS,3/4/2018,17,D1,3/23/2019 13:23,X,15,0,N,1,OATS,Route
43,OR_CL_4,REVERT,FR18,OATS,3/4/2018,18,D1,3/23/2019 13:23,X,15,0,N,1,OATS,Route
11,OR_CL_5,REVERT,FR1,OATS,3/2/2018,1,D1,3/9/2018 13:23,X,1,0,N,0,OATS,New
11,OR_CL_5,REVERT,FR2,OATS,3/2/2018,2,D1,3/10/2018 13:23,X,2,0,N,0,OATS,New
11,OR_CL_5,REVERT,FR3,OATS,3/2/2018,3,D1,3/11/2018 13:23,X,3,0,N,0,OATS,Modify
11,OR_CL_5,REVERT,FR4,OATS,3/2/2018,4,D1,3/12/2018 13:23,X,4,0,N,0,OATS,Modify
11,OR_CL_5,REVERT,FR5,OATS,3/2/2018,5,D1,3/13/2018 13:23,X,5,0,N,0,OATS,Modify
22,OR_CL_5,REVERT,FR6,OATS,3/3/2018,6,D1,3/14/2018 13:23,X,6,0,N,0,OATS,Modify
22,OR_CL_5,REVERT,FR7,OATS,3/3/2018,7,D1,3/15/2018 13:23,X,7,0,N,0,OATS,Modify
22,OR_CL_5,REVERT,FR8,OATS,3/3/2018,8,D1,3/16/2018 13:23,X,8,0,N,0,OATS,Route
22,OR_CL_5,REVERT,FR9,OATS,3/3/2018,9,D1,3/17/2018 13:23,X,9,0,N,0,OATS,Route
22,OR_CL_5,REVERT,FR10,OATS,3/3/2018,10,D1,3/18/2018 13:23,X,10,0,N,0,OATS,Route
33,OR_CL_5,REVERT,FR11,OATS,3/4/2018,11,D1,3/19/2018 13:23,X,11,0,N,1,OATS,Modify
33,OR_CL_5,REVERT,FR12,OATS,3/4/2018,12,D1,3/20/2018 13:23,X,12,0,N,1,OATS,Modify
33,OR_CL_5,REVERT,FR13,OATS,3/4/2018,13,D1,3/21/2018 13:23,X,13,0,N,1,OATS,New
36,OR_CL_5,REVERT,FR14,OATS,3/4/2018,14,D1,3/22/2018 13:23,X,14,0,N,1,OATS,Route
37,OR_CL_5,REVERT,FR15,OATS,3/4/2018,15,D1,3/23/2018 13:23,X,15,0,N,1,OATS,Route
41,OR_CL_5,REVERT,FR16,OATS,3/4/2018,16,D1,3/23/2019 13:23,X,15,0,N,1,OATS,Route
42,OR_CL_5,REVERT,FR17,OATS,3/4/2018,17,D1,3/23/2019 13:23,X,15,0,N,1,OATS,Route
43,OR_CL_5,REVERT,FR18,OATS,3/4/2018,18,D1,3/23/2019 13:23,X,15,0,N,1,OATS,Route
11,OR_CL_6,REVERT,FR1,OATS,3/2/2018,1,D1,3/9/2018 13:23,X,1,0,N,0,OATS,New
11,OR_CL_6,REVERT,FR2,OATS,3/2/2018,2,D1,3/10/2018 13:23,X,2,0,N,0,OATS,New
11,OR_CL_6,REVERT,FR3,OATS,3/2/2018,3,D1,3/11/2018 13:23,X,3,0,N,0,OATS,Modify
11,OR_CL_6,REVERT,FR4,OATS,3/2/2018,4,D1,3/12/2018 13:23,X,4,0,N,0,OATS,Modify
11,OR_CL_6,REVERT,FR5,OATS,3/2/2018,5,D1,3/13/2018 13:23,X,5,0,N,0,OATS,Modify
22,OR_CL_6,REVERT,FR6,OATS,3/3/2018,6,D1,3/14/2018 13:23,X,6,0,N,0,OATS,Modify
22,OR_CL_6,REVERT,FR7,OATS,3/3/2018,7,D1,3/15/2018 13:23,X,7,0,N,0,OATS,Modify
22,OR_CL_6,REVERT,FR8,OATS,3/3/2018,8,D1,3/16/2018 13:23,X,8,0,N,0,OATS,Route
22,OR_CL_6,REVERT,FR9,OATS,3/3/2018,9,D1,3/17/2018 13:23,X,9,0,N,0,OATS,Route
22,OR_CL_6,REVERT,FR10,OATS,3/3/2018,10,D1,3/18/2018 13:23,X,10,0,N,0,OATS,Route
33,OR_CL_6,REVERT,FR11,OATS,3/4/2018,11,D1,3/19/2018 13:23,X,11,0,N,1,OATS,Modify
33,OR_CL_6,REVERT,FR12,OATS,3/4/2018,12,D1,3/20/2018 13:23,X,12,0,N,1,OATS,Modify
36,OR_CL_6,REVERT,FR14,OATS,3/4/2018,14,D1,3/22/2018 13:23,X,14,0,N,1,OATS,Route
41,OR_CL_6,REVERT,FR16,OATS,3/4/2018,16,D1,3/23/2019 13:23,X,15,0,N,1,OATS,Route
42,OR_CL_6,REVERT,FR17,OATS,3/4/2018,17,D1,3/23/2019 13:23,X,15,0,N,1,OATS,Route
43,OR_CL_6,REVERT,FR18,OATS,3/4/2018,18,D1,3/23/2019 13:23,X,15,0,N,1,OATS,Route
11,OR_CL_7,REVERT,FR1,OATS,3/2/2018,1,D1,3/9/2018 13:23,X,1,0,N,0,OATS,New
11,OR_CL_7,REVERT,FR2,OATS,3/2/2018,2,D1,3/10/2018 13:23,X,2,0,N,0,OATS,New
11,OR_CL_7,REVERT,FR3,OATS,3/2/2018,3,D1,3/11/2018 13:23,X,3,0,N,0,OATS,Modify
11,OR_CL_7,REVERT,FR4,OATS,3/2/2018,4,D1,3/12/2018 13:23,X,4,0,N,0,OATS,Modify
11,OR_CL_7,REVERT,FR5,OATS,3/2/2018,5,D1,3/13/2018 13:23,X,5,0,N,0,OATS,Modify
22,OR_CL_7,REVERT,FR6,OATS,3/3/2018,6,D1,3/14/2018 13:23,X,6,0,N,0,OATS,Modify
22,OR_CL_7,REVERT,FR7,OATS,3/3/2018,7,D1,3/15/2018 13:23,X,7,0,N,0,OATS,Modify
22,OR_CL_7,REVERT,FR8,OATS,3/3/2018,8,D1,3/16/2018 13:23,X,8,0,N,0,OATS,Route
22,OR_CL_7,REVERT,FR9,OATS,3/3/2018,9,D1,3/17/2018 13:23,X,9,0,N,0,OATS,Route
22,OR_CL_7,REVERT,FR10,OATS,3/3/2018,10,D1,3/18/2018 13:23,X,10,0,N,0,OATS,Route
33,OR_CL_7,REVERT,FR11,OATS,3/4/2018,11,D1,3/19/2018 13:23,X,11,0,N,1,OATS,Modify
33,OR_CL_7,REVERT,FR12,OATS,3/4/2018,12,D1,3/20/2018 13:23,X,12,0,N,1,OATS,Modify
36,OR_CL_7,REVERT,FR14,OATS,3/4/2018,14,D1,3/22/2018 13:23,X,14,0,N,1,OATS,Route
41,OR_CL_7,REVERT,FR16,OATS,3/4/2018,16,D1,3/23/2019 13:23,X,15,0,N,1,OATS,Route
42,OR_CL_7,REVERT,FR17,OATS,3/4/2018,17,D1,3/23/2019 13:23,X,15,0,N,1,OATS,Route
43,OR_CL_7,REVERT,FR18,OATS,3/4/2018,18,D1,3/23/2019 13:23,X,15,0,N,1,OATS,Route
11,OR_CL_8,REVERT,FR1,OATS,3/2/2018,1,D1,3/9/2018 13:23,X,1,0,N,0,OATS,New
11,OR_CL_8,REVERT,FR2,OATS,3/2/2018,2,D1,3/10/2018 13:23,X,2,0,N,0,OATS,New
11,OR_CL_8,REVERT,FR3,OATS,3/2/2018,3,D1,3/11/2018 13:23,X,3,0,N,0,OATS,Modify
11,OR_CL_8,REVERT,FR4,OATS,3/2/2018,4,D1,3/12/2018 13:23,X,4,0,N,0,OATS,Modify
11,OR_CL_8,REVERT,FR5,OATS,3/2/2018,5,D1,3/13/2018 13:23,X,5,0,N,0,OATS,Modify
22,OR_CL_8,REVERT,FR6,OATS,3/3/2018,6,D1,3/14/2018 13:23,X,6,0,N,0,OATS,Modify
22,OR_CL_8,REVERT,FR7,OATS,3/3/2018,7,D1,3/15/2018 13:23,X,7,0,N,0,OATS,Modify
22,OR_CL_8,REVERT,FR8,OATS,3/3/2018,8,D1,3/16/2018 13:23,X,8,0,N,0,OATS,Route
22,OR_CL_8,REVERT,FR9,OATS,3/3/2018,9,D1,3/17/2018 13:23,X,9,0,N,0,OATS,Route
22,OR_CL_8,REVERT,FR10,OATS,3/3/2018,10,D1,3/18/2018 13:23,X,10,0,N,0,OATS,Route
33,OR_CL_8,REVERT,FR11,OATS,3/4/2018,11,D1,3/19/2018 13:23,X,11,0,N,1,OATS,Modify
33,OR_CL_8,REVERT,FR12,OATS,3/4/2018,12,D1,3/20/2018 13:23,X,12,0,N,1,OATS,Modify
36,OR_CL_8,REVERT,FR14,OATS,3/4/2018,14,D1,3/22/2018 13:23,X,14,0,N,1,OATS,Route
41,OR_CL_8,REVERT,FR16,OATS,3/4/2018,16,D1,3/23/2019 13:23,X,15,0,N,1,OATS,Route
42,OR_CL_8,REVERT,FR17,OATS,3/4/2018,17,D1,3/23/2019 13:23,X,15,0,N,1,OATS,Route
43,OR_CL_8,REVERT,FR18,OATS,3/4/2018,18,D1,3/23/2019 13:23,X,15,0,N,1,OATS,Route
11,OR_CL_9,REVERT,FR1,OATS,3/2/2018,1,D1,3/9/2018 13:23,X,1,0,N,0,OATS,New
11,OR_CL_9,REVERT,FR2,OATS,3/2/2018,2,D1,3/10/2018 13:23,X,2,0,N,0,OATS,New
11,OR_CL_9,REVERT,FR3,OATS,3/2/2018,3,D1,3/11/2018 13:23,X,3,0,N,0,OATS,Modify
11,OR_CL_9,REVERT,FR4,OATS,3/2/2018,4,D1,3/12/2018 13:23,X,4,0,N,0,OATS,Modify
11,OR_CL_9,REVERT,FR5,OATS,3/2/2018,5,D1,3/13/2018 13:23,X,5,0,N,0,OATS,Modify
22,OR_CL_9,REVERT,FR6,OATS,3/3/2018,6,D1,3/14/2018 13:23,X,6,0,N,0,OATS,Modify
22,OR_CL_9,REVERT,FR7,OATS,3/3/2018,7,D1,3/15/2018 13:23,X,7,0,N,0,OATS,Modify
22,OR_CL_9,REVERT,FR8,OATS,3/3/2018,8,D1,3/16/2018 13:23,X,8,0,N,0,OATS,Route
22,OR_CL_9,REVERT,FR9,OATS,3/3/2018,9,D1,3/17/2018 13:23,X,9,0,N,0,OATS,Route
22,OR_CL_9,REVERT,FR10,OATS,3/3/2018,10,D1,3/18/2018 13:23,X,10,0,N,0,OATS,Route
33,OR_CL_9,REVERT,FR11,OATS,3/4/2018,11,D1,3/19/2018 13:23,X,11,0,N,1,OATS,Modify
33,OR_CL_9,REVERT,FR12,OATS,3/4/2018,12,D1,3/20/2018 13:23,X,12,0,N,1,OATS,Modify
36,OR_CL_9,REVERT,FR14,OATS,3/4/2018,14,D1,3/22/2018 13:23,X,14,0,N,1,OATS,Route
41,OR_CL_9,REVERT,FR16,OATS,3/4/2018,16,D1,3/23/2019 13:23,X,15,0,N,1,OATS,Route
42,OR_CL_9,REVERT,FR17,OATS,3/4/2018,17,D1,3/23/2019 13:23,X,15,0,N,1,OATS,Route
43,OR_CL_9,REVERT,FR18,OATS,3/4/2018,18,D1,3/23/2019 13:23,X,15,0,N,1,OATS,Route
11,OR_CL_10,REVERT,FR1,OATS,3/2/2018,1,D1,3/9/2018 13:23,X,1,0,N,0,OATS,New
11,OR_CL_10,REVERT,FR2,OATS,3/2/2018,2,D1,3/10/2018 13:23,X,2,0,N,0,OATS,New
11,OR_CL_10,REVERT,FR3,OATS,3/2/2018,3,D1,3/11/2018 13:23,X,3,0,N,0,OATS,Modify
11,OR_CL_10,REVERT,FR4,OATS,3/2/2018,4,D1,3/12/2018 13:23,X,4,0,N,0,OATS,Modify
11,OR_CL_10,REVERT,FR5,OATS,3/2/2018,5,D1,3/13/2018 13:23,X,5,0,N,0,OATS,Modify
22,OR_CL_10,REVERT,FR6,OATS,3/3/2018,6,D1,3/14/2018 13:23,X,6,0,N,0,OATS,Modify
22,OR_CL_10,REVERT,FR7,OATS,3/3/2018,7,D1,3/15/2018 13:23,X,7,0,N,0,OATS,Modify
22,OR_CL_10,REVERT,FR8,OATS,3/3/2018,8,D1,3/16/2018 13:23,X,8,0,N,0,OATS,Route
22,OR_CL_10,REVERT,FR9,OATS,3/3/2018,9,D1,3/17/2018 13:23,X,9,0,N,0,OATS,Route
22,OR_CL_10,REVERT,FR10,OATS,3/3/2018,10,D1,3/18/2018 13:23,X,10,0,N,0,OATS,Route
33,OR_CL_10,REVERT,FR11,OATS,3/4/2018,11,D1,3/19/2018 13:23,X,11,0,N,1,OATS,Modify
33,OR_CL_10,REVERT,FR12,OATS,3/4/2018,12,D1,3/20/2018 13:23,X,12,0,N,1,OATS,Modify
36,OR_CL_10,REVERT,FR14,OATS,3/4/2018,14,D1,3/22/2018 13:23,X,14,0,N,1,OATS,Route
41,OR_CL_10,REVERT,FR16,OATS,3/4/2018,16,D1,3/23/2019 13:23,X,15,0,N,1,OATS,Route
42,OR_CL_10,REVERT,FR17,OATS,3/4/2018,17,D1,3/23/2019 13:23,X,15,0,N,1,OATS,Route
43,OR_CL_10,REVERT,FR18,OATS,3/4/2018,18,D1,3/23/2019 13:23,X,15,0,N,1,OATS,Route
11,OR_CL_11,REVERT,FR1,OATS,3/2/2018,1,D1,3/9/2018 13:23,X,1,0,N,0,OATS,New
11,OR_CL_11,REVERT,FR2,OATS,3/2/2018,2,D1,3/10/2018 13:23,X,2,0,N,0,OATS,New
11,OR_CL_11,REVERT,FR3,OATS,3/2/2018,3,D1,3/11/2018 13:23,X,3,0,N,0,OATS,Modify
11,OR_CL_11,REVERT,FR4,OATS,3/2/2018,4,D1,3/12/2018 13:23,X,4,0,N,0,OATS,Modify
11,OR_CL_11,REVERT,FR5,OATS,3/2/2018,5,D1,3/13/2018 13:23,X,5,0,N,0,OATS,Modify
22,OR_CL_11,REVERT,FR6,OATS,3/3/2018,6,D1,3/14/2018 13:23,X,6,0,N,0,OATS,Modify
22,OR_CL_11,REVERT,FR7,OATS,3/3/2018,7,D1,3/15/2018 13:23,X,7,0,N,0,OATS,Modify
22,OR_CL_11,REVERT,FR8,OATS,3/3/2018,8,D1,3/16/2018 13:23,X,8,0,N,0,OATS,Route
22,OR_CL_11,REVERT,FR9,OATS,3/3/2018,9,D1,3/17/2018 13:23,X,9,0,N,0,OATS,Route
22,OR_CL_11,REVERT,FR10,OATS,3/3/2018,10,D1,3/18/2018 13:23,X,10,0,N,0,OATS,Route
33,OR_CL_11,REVERT,FR11,OATS,3/4/2018,11,D1,3/19/2018 13:23,X,11,0,N,1,OATS,Modify
33,OR_CL_11,REVERT,FR12,OATS,3/4/2018,12,D1,3/20/2018 13:23,X,12,0,N,1,OATS,Modify
36,OR_CL_11,REVERT,FR14,OATS,3/4/2018,14,D1,3/22/2018 13:23,X,14,0,N,1,OATS,Route
41,OR_CL_11,REVERT,FR16,OATS,3/4/2018,16,D1,3/23/2019 13:23,X,15,0,N,1,OATS,Route
42,OR_CL_11,REVERT,FR17,OATS,3/4/2018,17,D1,3/23/2019 13:23,X,15,0,N,1,OATS,Route
43,OR_CL_11,REVERT,FR18,OATS,3/4/2018,18,D1,3/23/2019 13:23,X,15,0,N,1,OATS,Route
11,OR_CL_12,REVERT,FR1,OATS,3/2/2018,1,D1,3/9/2018 13:23,X,1,0,N,0,OATS,New
11,OR_CL_12,REVERT,FR2,OATS,3/2/2018,2,D1,3/10/2018 13:23,X,2,0,N,0,OATS,New
11,OR_CL_12,REVERT,FR3,OATS,3/2/2018,3,D1,3/11/2018 13:23,X,3,0,N,0,OATS,Modify
11,OR_CL_12,REVERT,FR4,OATS,3/2/2018,4,D1,3/12/2018 13:23,X,4,0,N,0,OATS,Modify
11,OR_CL_12,REVERT,FR5,OATS,3/2/2018,5,D1,3/13/2018 13:23,X,5,0,N,0,OATS,Modify
22,OR_CL_12,REVERT,FR6,OATS,3/3/2018,6,D1,3/14/2018 13:23,X,6,0,N,0,OATS,Modify
22,OR_CL_12,REVERT,FR7,OATS,3/3/2018,7,D1,3/15/2018 13:23,X,7,0,N,0,OATS,Modify
22,OR_CL_12,REVERT,FR8,OATS,3/3/2018,8,D1,3/16/2018 13:23,X,8,0,N,0,OATS,Route
22,OR_CL_12,REVERT,FR9,OATS,3/3/2018,9,D1,3/17/2018 13:23,X,9,0,N,0,OATS,Route
22,OR_CL_12,REVERT,FR10,OATS,3/3/2018,10,D1,3/18/2018 13:23,X,10,0,N,0,OATS,Route
33,OR_CL_12,REVERT,FR11,OATS,3/4/2018,11,D1,3/19/2018 13:23,X,11,0,N,1,OATS,Modify
33,OR_CL_12,REVERT,FR12,OATS,3/4/2018,12,D1,3/20/2018 13:23,X,12,0,N,1,OATS,Modify
36,OR_CL_12,REVERT,FR14,OATS,3/4/2018,14,D1,3/22/2018 13:23,X,14,0,N,1,OATS,Route
41,OR_CL_12,REVERT,FR16,OATS,3/4/2018,16,D1,3/23/2019 13:23,X,15,0,N,1,OATS,Route
42,OR_CL_12,REVERT,FR17,OATS,3/4/2018,17,D1,3/23/2019 13:23,X,15,0,N,1,OATS,Route
43,OR_CL_12,REVERT,FR18,OATS,3/4/2018,18,D1,3/23/2019 13:23,X,15,0,N,1,OATS,Route
11,OR_CL_13,REVERT,FR1,OATS,3/2/2018,1,D1,3/9/2018 13:23,X,1,0,N,0,OATS,New
11,OR_CL_13,REVERT,FR2,OATS,3/2/2018,2,D1,3/10/2018 13:23,X,2,0,N,0,OATS,New
11,OR_CL_13,REVERT,FR3,OATS,3/2/2018,3,D1,3/11/2018 13:23,X,3,0,N,0,OATS,Modify
11,OR_CL_13,REVERT,FR4,OATS,3/2/2018,4,D1,3/12/2018 13:23,X,4,0,N,0,OATS,Modify
11,OR_CL_13,REVERT,FR5,OATS,3/2/2018,5,D1,3/13/2018 13:23,X,5,0,N,0,OATS,Modify
22,OR_CL_13,REVERT,FR6,OATS,3/3/2018,6,D1,3/14/2018 13:23,X,6,0,N,0,OATS,Modify
22,OR_CL_13,REVERT,FR7,OATS,3/3/2018,7,D1,3/15/2018 13:23,X,7,0,N,0,OATS,Modify
22,OR_CL_13,REVERT,FR8,OATS,3/3/2018,8,D1,3/16/2018 13:23,X,8,0,N,0,OATS,Route
22,OR_CL_13,REVERT,FR9,OATS,3/3/2018,9,D1,3/17/2018 13:23,X,9,0,N,0,OATS,Route
22,OR_CL_13,REVERT,FR10,OATS,3/3/2018,10,D1,3/18/2018 13:23,X,10,0,N,0,OATS,Route
33,OR_CL_13,REVERT,FR11,OATS,3/4/2018,11,D1,3/19/2018 13:23,X,11,0,N,1,OATS,Modify
33,OR_CL_13,REVERT,FR12,OATS,3/4/2018,12,D1,3/20/2018 13:23,X,12,0,N,1,OATS,Modify
36,OR_CL_13,REVERT,FR14,OATS,3/4/2018,14,D1,3/22/2018 13:23,X,14,0,N,1,OATS,Route
41,OR_CL_13,REVERT,FR16,OATS,3/4/2018,16,D1,3/23/2019 13:23,X,15,0,N,1,OATS,Route
42,OR_CL_13,REVERT,FR17,OATS,3/4/2018,17,D1,3/23/2019 13:23,X,15,0,N,1,OATS,Route
43,OR_CL_13,REVERT,FR18,OATS,3/4/2018,18,D1,3/23/2019 13:23,X,15,0,N,1,OATS,Route
11,OR_CL_14,REVERT,FR1,OATS,3/2/2018,1,D1,3/9/2018 13:23,X,1,0,N,0,OATS,New
11,OR_CL_14,REVERT,FR2,OATS,3/2/2018,2,D1,3/10/2018 13:23,X,2,0,N,0,OATS,New
11,OR_CL_14,REVERT,FR3,OATS,3/2/2018,3,D1,3/11/2018 13:23,X,3,0,N,0,OATS,Modify
11,OR_CL_14,REVERT,FR4,OATS,3/2/2018,4,D1,3/12/2018 13:23,X,4,0,N,0,OATS,Modify
11,OR_CL_14,REVERT,FR5,OATS,3/2/2018,5,D1,3/13/2018 13:23,X,5,0,N,0,OATS,Modify
22,OR_CL_14,REVERT,FR6,OATS,3/3/2018,6,D1,3/14/2018 13:23,X,6,0,N,0,OATS,Modify
22,OR_CL_14,REVERT,FR7,OATS,3/3/2018,7,D1,3/15/2018 13:23,X,7,0,N,0,OATS,Modify
22,OR_CL_14,REVERT,FR8,OATS,3/3/2018,8,D1,3/16/2018 13:23,X,8,0,N,0,OATS,Route
22,OR_CL_14,REVERT,FR9,OATS,3/3/2018,9,D1,3/17/2018 13:23,X,9,0,N,0,OATS,Route
22,OR_CL_14,REVERT,FR10,OATS,3/3/2018,10,D1,3/18/2018 13:23,X,10,0,N,0,OATS,Route
33,OR_CL_14,REVERT,FR11,OATS,3/4/2018,11,D1,3/19/2018 13:23,X,11,0,N,1,OATS,Modify
33,OR_CL_14,REVERT,FR12,OATS,3/4/2018,12,D1,3/20/2018 13:23,X,12,0,N,1,OATS,Modify
36,OR_CL_14,REVERT,FR14,OATS,3/4/2018,14,D1,3/22/2018 13:23,X,14,0,N,1,OATS,Route
41,OR_CL_14,REVERT,FR16,OATS,3/4/2018,16,D1,3/23/2019 13:23,X,15,0,N,1,OATS,Route
42,OR_CL_14,REVERT,FR17,OATS,3/4/2018,17,D1,3/23/2019 13:23,X,15,0,N,1,OATS,Route
43,OR_CL_14,REVERT,FR18,OATS,3/4/2018,18,D1,3/23/2019 13:23,X,15,0,N,1,OATS,Route
11,OR_CL_15,REVERT,FR1,OATS,3/2/2018,1,D1,3/9/2018 13:23,X,1,0,N,0,OATS,New
11,OR_CL_15,REVERT,FR2,OATS,3/2/2018,2,D1,3/10/2018 13:23,X,2,0,N,0,OATS,New
11,OR_CL_15,REVERT,FR3,OATS,3/2/2018,3,D1,3/11/2018 13:23,X,3,0,N,0,OATS,Modify
11,OR_CL_15,REVERT,FR4,OATS,3/2/2018,4,D1,3/12/2018 13:23,X,4,0,N,0,OATS,Modify
11,OR_CL_15,REVERT,FR5,OATS,3/2/2018,5,D1,3/13/2018 13:23,X,5,0,N,0,OATS,Modify
22,OR_CL_15,REVERT,FR6,OATS,3/3/2018,6,D1,3/14/2018 13:23,X,6,0,N,0,OATS,Modify
22,OR_CL_15,REVERT,FR7,OATS,3/3/2018,7,D1,3/15/2018 13:23,X,7,0,N,0,OATS,Modify
22,OR_CL_15,REVERT,FR8,OATS,3/3/2018,8,D1,3/16/2018 13:23,X,8,0,N,0,OATS,Route
22,OR_CL_15,REVERT,FR9,OATS,3/3/2018,9,D1,3/17/2018 13:23,X,9,0,N,0,OATS,Route
22,OR_CL_15,REVERT,FR10,OATS,3/3/2018,10,D1,3/18/2018 13:23,X,10,0,N,0,OATS,Route
33,OR_CL_15,REVERT,FR11,OATS,3/4/2018,11,D1,3/19/2018 13:23,X,11,0,N,1,OATS,Modify
33,OR_CL_15,REVERT,FR12,OATS,3/4/2018,12,D1,3/20/2018 13:23,X,12,0,N,1,OATS,Modify
36,OR_CL_15,REVERT,FR14,OATS,3/4/2018,14,D1,3/22/2018 13:23,X,14,0,N,1,OATS,Route
41,OR_CL_15,REVERT,FR16,OATS,3/4/2018,16,D1,3/23/2019 13:23,X,15,0,N,1,OATS,Route
42,OR_CL_15,REVERT,FR17,OATS,3/4/2018,17,D1,3/23/2019 13:23,X,15,0,N,1,OATS,Route
43,OR_CL_15,REVERT,FR18,OATS,3/4/2018,18,D1,3/23/2019 13:23,X,15,0,N,1,OATS,Route
11,OR_CL_16,REVERT,FR1,OATS,3/2/2018,1,D1,3/9/2018 13:23,X,1,0,N,0,OATS,New
11,OR_CL_16,REVERT,FR2,OATS,3/2/2018,2,D1,3/10/2018 13:23,X,2,0,N,0,OATS,New
11,OR_CL_16,REVERT,FR3,OATS,3/2/2018,3,D1,3/11/2018 13:23,X,3,0,N,0,OATS,Modify
11,OR_CL_16,REVERT,FR4,OATS,3/2/2018,4,D1,3/12/2018 13:23,X,4,0,N,0,OATS,Modify
11,OR_CL_16,REVERT,FR5,OATS,3/2/2018,5,D1,3/13/2018 13:23,X,5,0,N,0,OATS,Modify
22,OR_CL_16,REVERT,FR6,OATS,3/3/2018,6,D1,3/14/2018 13:23,X,6,0,N,0,OATS,Modify
22,OR_CL_16,REVERT,FR7,OATS,3/3/2018,7,D1,3/15/2018 13:23,X,7,0,N,0,OATS,Modify
22,OR_CL_16,REVERT,FR8,OATS,3/3/2018,8,D1,3/16/2018 13:23,X,8,0,N,0,OATS,Route
22,OR_CL_16,REVERT,FR9,OATS,3/3/2018,9,D1,3/17/2018 13:23,X,9,0,N,0,OATS,Route
22,OR_CL_16,REVERT,FR10,OATS,3/3/2018,10,D1,3/18/2018 13:23,X,10,0,N,0,OATS,Route
33,OR_CL_16,REVERT,FR11,OATS,3/4/2018,11,D1,3/19/2018 13:23,X,11,0,N,1,OATS,Modify
33,OR_CL_16,REVERT,FR12,OATS,3/4/2018,12,D1,3/20/2018 13:23,X,12,0,N,1,OATS,Modify
36,OR_CL_16,REVERT,FR14,OATS,3/4/2018,14,D1,3/22/2018 13:23,X,14,0,N,1,OATS,Route
41,OR_CL_16,REVERT,FR16,OATS,3/4/2018,16,D1,3/23/2019 13:23,X,15,0,N,1,OATS,Route
42,OR_CL_16,REVERT,FR17,OATS,3/4/2018,17,D1,3/23/2019 13:23,X,15,0,N,1,OATS,Route
43,OR_CL_16,REVERT,FR18,OATS,3/4/2018,18,D1,3/23/2019 13:23,X,15,0,N,1,OATS,Route
11,OR_CL_17,REVERT,FR1,OATS,3/2/2018,1,D1,3/9/2018 13:23,X,1,0,N,0,OATS,New
11,OR_CL_17,REVERT,FR2,OATS,3/2/2018,2,D1,3/10/2018 13:23,X,2,0,N,0,OATS,New
11,OR_CL_17,REVERT,FR3,OATS,3/2/2018,3,D1,3/11/2018 13:23,X,3,0,N,0,OATS,Modify
11,OR_CL_17,REVERT,FR4,OATS,3/2/2018,4,D1,3/12/2018 13:23,X,4,0,N,0,OATS,Modify
11,OR_CL_17,REVERT,FR5,OATS,3/2/2018,5,D1,3/13/2018 13:23,X,5,0,N,0,OATS,Modify
22,OR_CL_17,REVERT,FR6,OATS,3/3/2018,6,D1,3/14/2018 13:23,X,6,0,N,0,OATS,Modify
22,OR_CL_17,REVERT,FR7,OATS,3/3/2018,7,D1,3/15/2018 13:23,X,7,0,N,0,OATS,Modify
22,OR_CL_17,REVERT,FR8,OATS,3/3/2018,8,D1,3/16/2018 13:23,X,8,0,N,0,OATS,Route
22,OR_CL_17,REVERT,FR9,OATS,3/3/2018,9,D1,3/17/2018 13:23,X,9,0,N,0,OATS,Route
22,OR_CL_17,REVERT,FR10,OATS,3/3/2018,10,D1,3/18/2018 13:23,X,10,0,N,0,OATS,Route
33,OR_CL_17,REVERT,FR11,OATS,3/4/2018,11,D1,3/19/2018 13:23,X,11,0,N,1,OATS,Modify
33,OR_CL_17,REVERT,FR12,OATS,3/4/2018,12,D1,3/20/2018 13:23,X,12,0,N,1,OATS,Modify
36,OR_CL_17,REVERT,FR14,OATS,3/4/2018,14,D1,3/22/2018 13:23,X,14,0,N,1,OATS,Route
41,OR_CL_17,REVERT,FR16,OATS,3/4/2018,16,D1,3/23/2019 13:23,X,15,0,N,1,OATS,Route
42,OR_CL_17,REVERT,FR17,OATS,3/4/2018,17,D1,3/23/2019 13:23,X,15,0,N,1,OATS,Route
43,OR_CL_17,REVERT,FR18,OATS,3/4/2018,18,D1,3/23/2019 13:23,X,15,0,N,1,OATS,Route
11,OR_CL_18,REVERT,FR1,OATS,3/2/2018,1,D1,3/9/2018 13:23,X,1,0,N,0,OATS,New
11,OR_CL_18,REVERT,FR2,OATS,3/2/2018,2,D1,3/10/2018 13:23,X,2,0,N,0,OATS,New
11,OR_CL_18,REVERT,FR3,OATS,3/2/2018,3,D1,3/11/2018 13:23,X,3,0,N,0,OATS,Modify
11,OR_CL_18,REVERT,FR4,OATS,3/2/2018,4,D1,3/12/2018 13:23,X,4,0,N,0,OATS,Modify
11,OR_CL_18,REVERT,FR5,OATS,3/2/2018,5,D1,3/13/2018 13:23,X,5,0,N,0,OATS,Modify
22,OR_CL_18,REVERT,FR6,OATS,3/3/2018,6,D1,3/14/2018 13:23,X,6,0,N,0,OATS,Modify
22,OR_CL_18,REVERT,FR7,OATS,3/3/2018,7,D1,3/15/2018 13:23,X,7,0,N,0,OATS,Modify
22,OR_CL_18,REVERT,FR8,OATS,3/3/2018,8,D1,3/16/2018 13:23,X,8,0,N,0,OATS,Route
22,OR_CL_18,REVERT,FR9,OATS,3/3/2018,9,D1,3/17/2018 13:23,X,9,0,N,0,OATS,Route
22,OR_CL_18,REVERT,FR10,OATS,3/3/2018,10,D1,3/18/2018 13:23,X,10,0,N,0,OATS,Route
33,OR_CL_18,REVERT,FR11,OATS,3/4/2018,11,D1,3/19/2018 13:23,X,11,0,N,1,OATS,Modify
33,OR_CL_18,REVERT,FR12,OATS,3/4/2018,12,D1,3/20/2018 13:23,X,12,0,N,1,OATS,Modify
36,OR_CL_18,REVERT,FR14,OATS,3/4/2018,14,D1,3/22/2018 13:23,X,14,0,N,1,OATS,Route
41,OR_CL_18,REVERT,FR16,OATS,3/4/2018,16,D1,3/23/2019 13:23,X,15,0,N,1,OATS,Route
42,OR_CL_18,REVERT,FR17,OATS,3/4/2018,17,D1,3/23/2019 13:23,X,15,0,N,1,OATS,Route
43,OR_CL_18,REVERT,FR18,OATS,3/4/2018,18,D1,3/23/2019 13:23,X,15,0,N,1,OATS,Route
11,OR_CL_19,REVERT,FR1,OATS,3/2/2018,1,D1,3/9/2018 13:23,X,1,0,N,0,OATS,New
11,OR_CL_19,REVERT,FR2,OATS,3/2/2018,2,D1,3/10/2018 13:23,X,2,0,N,0,OATS,New
11,OR_CL_19,REVERT,FR3,OATS,3/2/2018,3,D1,3/11/2018 13:23,X,3,0,N,0,OATS,Modify
11,OR_CL_19,REVERT,FR4,OATS,3/2/2018,4,D1,3/12/2018 13:23,X,4,0,N,0,OATS,Modify
11,OR_CL_19,REVERT,FR5,OATS,3/2/2018,5,D1,3/13/2018 13:23,X,5,0,N,0,OATS,Modify
22,OR_CL_19,REVERT,FR6,OATS,3/3/2018,6,D1,3/14/2018 13:23,X,6,0,N,0,OATS,Modify
22,OR_CL_19,REVERT,FR7,OATS,3/3/2018,7,D1,3/15/2018 13:23,X,7,0,N,0,OATS,Modify
22,OR_CL_19,REVERT,FR8,OATS,3/3/2018,8,D1,3/16/2018 13:23,X,8,0,N,0,OATS,Route
22,OR_CL_19,REVERT,FR9,OATS,3/3/2018,9,D1,3/17/2018 13:23,X,9,0,N,0,OATS,Route
22,OR_CL_19,REVERT,FR10,OATS,3/3/2018,10,D1,3/18/2018 13:23,X,10,0,N,0,OATS,Route
33,OR_CL_19,REVERT,FR11,OATS,3/4/2018,11,D1,3/19/2018 13:23,X,11,0,N,1,OATS,Modify
33,OR_CL_19,REVERT,FR12,OATS,3/4/2018,12,D1,3/20/2018 13:23,X,12,0,N,1,OATS,Modify
36,OR_CL_19,REVERT,FR14,OATS,3/4/2018,14,D1,3/22/2018 13:23,X,14,0,N,1,OATS,Route
41,OR_CL_19,REVERT,FR16,OATS,3/4/2018,16,D1,3/23/2019 13:23,X,15,0,N,1,OATS,Route
42,OR_CL_19,REVERT,FR17,OATS,3/4/2018,17,D1,3/23/2019 13:23,X,15,0,N,1,OATS,Route
43,OR_CL_19,REVERT,FR18,OATS,3/4/2018,18,D1,3/23/2019 13:23,X,15,0,N,1,OATS,Route
11,OR_CL_20,REVERT,FR1,OATS,3/2/2018,1,D1,3/9/2018 13:23,X,1,0,N,0,OATS,New
11,OR_CL_20,REVERT,FR2,OATS,3/2/2018,2,D1,3/10/2018 13:23,X,2,0,N,0,OATS,New
11,OR_CL_20,REVERT,FR3,OATS,3/2/2018,3,D1,3/11/2018 13:23,X,3,0,N,0,OATS,Modify
11,OR_CL_20,REVERT,FR4,OATS,3/2/2018,4,D1,3/12/2018 13:23,X,4,0,N,0,OATS,Modify
11,OR_CL_20,REVERT,FR5,OATS,3/2/2018,5,D1,3/13/2018 13:23,X,5,0,N,0,OATS,Modify
22,OR_CL_20,REVERT,FR6,OATS,3/3/2018,6,D1,3/14/2018 13:23,X,6,0,N,0,OATS,Modify
22,OR_CL_20,REVERT,FR7,OATS,3/3/2018,7,D1,3/15/2018 13:23,X,7,0,N,0,OATS,Modify
22,OR_CL_20,REVERT,FR8,OATS,3/3/2018,8,D1,3/16/2018 13:23,X,8,0,N,0,OATS,Route
22,OR_CL_20,REVERT,FR9,OATS,3/3/2018,9,D1,3/17/2018 13:23,X,9,0,N,0,OATS,Route
22,OR_CL_20,REVERT,FR10,OATS,3/3/2018,10,D1,3/18/2018 13:23,X,10,0,N,0,OATS,Route
33,OR_CL_20,REVERT,FR11,OATS,3/4/2018,11,D1,3/19/2018 13:23,X,11,0,N,1,OATS,Modify
33,OR_CL_20,REVERT,FR12,OATS,3/4/2018,12,D1,3/20/2018 13:23,X,12,0,N,1,OATS,Modify
36,OR_CL_20,REVERT,FR14,OATS,3/4/2018,14,D1,3/22/2018 13:23,X,14,0,N,1,OATS,Route
41,OR_CL_20,REVERT,FR16,OATS,3/4/2018,16,D1,3/23/2019 13:23,X,15,0,N,1,OATS,Route
42,OR_CL_20,REVERT,FR17,OATS,3/4/2018,17,D1,3/23/2019 13:23,X,15,0,N,1,OATS,Route
43,OR_CL_20,REVERT,FR18,OATS,3/4/2018,18,D1,3/23/2019 13:23,X,15,0,N,1,OATS,Route
11,OR_CL_21,REVERT,FR1,OATS,3/2/2018,1,D1,3/9/2018 13:23,X,1,0,N,0,OATS,New
11,OR_CL_21,REVERT,FR2,OATS,3/2/2018,2,D1,3/10/2018 13:23,X,2,0,N,0,OATS,New
11,OR_CL_21,REVERT,FR3,OATS,3/2/2018,3,D1,3/11/2018 13:23,X,3,0,N,0,OATS,Modify
11,OR_CL_21,REVERT,FR4,OATS,3/2/2018,4,D1,3/12/2018 13:23,X,4,0,N,0,OATS,Modify
11,OR_CL_21,REVERT,FR5,OATS,3/2/2018,5,D1,3/13/2018 13:23,X,5,0,N,0,OATS,Modify
22,OR_CL_21,REVERT,FR6,OATS,3/3/2018,6,D1,3/14/2018 13:23,X,6,0,N,0,OATS,Modify
22,OR_CL_21,REVERT,FR7,OATS,3/3/2018,7,D1,3/15/2018 13:23,X,7,0,N,0,OATS,Modify
22,OR_CL_21,REVERT,FR8,OATS,3/3/2018,8,D1,3/16/2018 13:23,X,8,0,N,0,OATS,Route
22,OR_CL_21,REVERT,FR9,OATS,3/3/2018,9,D1,3/17/2018 13:23,X,9,0,N,0,OATS,Route
22,OR_CL_21,REVERT,FR10,OATS,3/3/2018,10,D1,3/18/2018 13:23,X,10,0,N,0,OATS,Route
33,OR_CL_21,REVERT,FR11,OATS,3/4/2018,11,D1,3/19/2018 13:23,X,11,0,N,1,OATS,Modify
33,OR_CL_21,REVERT,FR12,OATS,3/4/2018,12,D1,3/20/2018 13:23,X,12,0,N,1,OATS,Modify
36,OR_CL_21,REVERT,FR14,OATS,3/4/2018,14,D1,3/22/2018 13:23,X,14,0,N,1,OATS,Route
41,OR_CL_21,REVERT,FR16,OATS,3/4/2018,16,D1,3/23/2019 13:23,X,15,0,N,1,OATS,Route
42,OR_CL_21,REVERT,FR17,OATS,3/4/2018,17,D1,3/23/2019 13:23,X,15,0,N,1,OATS,Route
43,OR_CL_21,REVERT,FR18,OATS,3/4/2018,18,D1,3/23/2019 13:23,X,15,0,N,1,OATS,Route
11,OR_CL_22,REVERT,FR1,OATS,3/2/2018,1,D1,3/9/2018 13:23,X,1,0,N,0,OATS,New
11,OR_CL_22,REVERT,FR2,OATS,3/2/2018,2,D1,3/10/2018 13:23,X,2,0,N,0,OATS,New
11,OR_CL_22,REVERT,FR3,OATS,3/2/2018,3,D1,3/11/2018 13:23,X,3,0,N,0,OATS,Modify
11,OR_CL_22,REVERT,FR4,OATS,3/2/2018,4,D1,3/12/2018 13:23,X,4,0,N,0,OATS,Modify
11,OR_CL_22,REVERT,FR5,OATS,3/2/2018,5,D1,3/13/2018 13:23,X,5,0,N,0,OATS,Modify
22,OR_CL_22,REVERT,FR6,OATS,3/3/2018,6,D1,3/14/2018 13:23,X,6,0,N,0,OATS,Modify
22,OR_CL_22,REVERT,FR7,OATS,3/3/2018,7,D1,3/15/2018 13:23,X,7,0,N,0,OATS,Modify
22,OR_CL_22,REVERT,FR8,OATS,3/3/2018,8,D1,3/16/2018 13:23,X,8,0,N,0,OATS,Route
22,OR_CL_22,REVERT,FR9,OATS,3/3/2018,9,D1,3/17/2018 13:23,X,9,0,N,0,OATS,Route
22,OR_CL_22,REVERT,FR10,OATS,3/3/2018,10,D1,3/18/2018 13:23,X,10,0,N,0,OATS,Route
33,OR_CL_22,REVERT,FR11,OATS,3/4/2018,11,D1,3/19/2018 13:23,X,11,0,N,1,OATS,Modify
33,OR_CL_22,REVERT,FR12,OATS,3/4/2018,12,D1,3/20/2018 13:23,X,12,0,N,1,OATS,Modify
36,OR_CL_22,REVERT,FR14,OATS,3/4/2018,14,D1,3/22/2018 13:23,X,14,0,N,1,OATS,Route
41,OR_CL_22,REVERT,FR16,OATS,3/4/2018,16,D1,3/23/2019 13:23,X,15,0,N,1,OATS,Route
42,OR_CL_22,REVERT,FR17,OATS,3/4/2018,17,D1,3/23/2019 13:23,X,15,0,N,1,OATS,Route
43,OR_CL_22,REVERT,FR18,OATS,3/4/2018,18,D1,3/23/2019 13:23,X,15,0,N,1,OATS,Route
11,OR_CL_23,REVERT,FR1,OATS,3/2/2018,1,D1,3/9/2018 13:23,X,1,0,N,0,OATS,New
11,OR_CL_23,REVERT,FR2,OATS,3/2/2018,2,D1,3/10/2018 13:23,X,2,0,N,0,OATS,New
11,OR_CL_23,REVERT,FR3,OATS,3/2/2018,3,D1,3/11/2018 13:23,X,3,0,N,0,OATS,Modify
11,OR_CL_23,REVERT,FR4,OATS,3/2/2018,4,D1,3/12/2018 13:23,X,4,0,N,0,OATS,Modify
11,OR_CL_23,REVERT,FR5,OATS,3/2/2018,5,D1,3/13/2018 13:23,X,5,0,N,0,OATS,Modify
22,OR_CL_23,REVERT,FR6,OATS,3/3/2018,6,D1,3/14/2018 13:23,X,6,0,N,0,OATS,Modify
22,OR_CL_23,REVERT,FR7,OATS,3/3/2018,7,D1,3/15/2018 13:23,X,7,0,N,0,OATS,Modify
22,OR_CL_23,REVERT,FR8,OATS,3/3/2018,8,D1,3/16/2018 13:23,X,8,0,N,0,OATS,Route
22,OR_CL_23,REVERT,FR9,OATS,3/3/2018,9,D1,3/17/2018 13:23,X,9,0,N,0,OATS,Route
22,OR_CL_23,REVERT,FR10,OATS,3/3/2018,10,D1,3/18/2018 13:23,X,10,0,N,0,OATS,Route
33,OR_CL_23,REVERT,FR11,OATS,3/4/2018,11,D1,3/19/2018 13:23,X,11,0,N,1,OATS,Modify
33,OR_CL_23,REVERT,FR12,OATS,3/4/2018,12,D1,3/20/2018 13:23,X,12,0,N,1,OATS,Modify
36,OR_CL_23,REVERT,FR14,OATS,3/4/2018,14,D1,3/22/2018 13:23,X,14,0,N,1,OATS,Route
41,OR_CL_23,REVERT,FR16,OATS,3/4/2018,16,D1,3/23/2019 13:23,X,15,0,N,1,OATS,Route
42,OR_CL_23,REVERT,FR17,OATS,3/4/2018,17,D1,3/23/2019 13:23,X,15,0,N,1,OATS,Route
43,OR_CL_23,REVERT,FR18,OATS,3/4/2018,18,D1,3/23/2019 13:23,X,15,0,N,1,OATS,Route
11,OR_CL_24,REVERT,FR1,OATS,3/2/2018,1,D1,3/9/2018 13:23,X,1,0,N,0,OATS,New
11,OR_CL_24,REVERT,FR2,OATS,3/2/2018,2,D1,3/10/2018 13:23,X,2,0,N,0,OATS,New
11,OR_CL_24,REVERT,FR3,OATS,3/2/2018,3,D1,3/11/2018 13:23,X,3,0,N,0,OATS,Modify
11,OR_CL_24,REVERT,FR4,OATS,3/2/2018,4,D1,3/12/2018 13:23,X,4,0,N,0,OATS,Modify
11,OR_CL_24,REVERT,FR5,OATS,3/2/2018,5,D1,3/13/2018 13:23,X,5,0,N,0,OATS,Modify
22,OR_CL_24,REVERT,FR6,OATS,3/3/2018,6,D1,3/14/2018 13:23,X,6,0,N,0,OATS,Modify
22,OR_CL_24,REVERT,FR7,OATS,3/3/2018,7,D1,3/15/2018 13:23,X,7,0,N,0,OATS,Modify
22,OR_CL_24,REVERT,FR8,OATS,3/3/2018,8,D1,3/16/2018 13:23,X,8,0,N,0,OATS,Route
22,OR_CL_24,REVERT,FR9,OATS,3/3/2018,9,D1,3/17/2018 13:23,X,9,0,N,0,OATS,Route
22,OR_CL_24,REVERT,FR10,OATS,3/3/2018,10,D1,3/18/2018 13:23,X,10,0,N,0,OATS,Route
33,OR_CL_24,REVERT,FR11,OATS,3/4/2018,11,D1,3/19/2018 13:23,X,11,0,N,1,OATS,Modify
33,OR_CL_24,REVERT,FR12,OATS,3/4/2018,12,D1,3/20/2018 13:23,X,12,0,N,1,OATS,Modify
36,OR_CL_24,REVERT,FR14,OATS,3/4/2018,14,D1,3/22/2018 13:23,X,14,0,N,1,OATS,Route
41,OR_CL_24,REVERT,FR16,OATS,3/4/2018,16,D1,3/23/2019 13:23,X,15,0,N,1,OATS,Route
42,OR_CL_24,REVERT,FR17,OATS,3/4/2018,17,D1,3/23/2019 13:23,X,15,0,N,1,OATS,Route
43,OR_CL_24,REVERT,FR18,OATS,3/4/2018,18,D1,3/23/2019 13:23,X,15,0,N,1,OATS,Route
11,OR_CL_25,REVERT,FR1,OATS,3/2/2018,1,D1,3/9/2018 13:23,X,1,0,N,0,OATS,New
11,OR_CL_25,REVERT,FR2,OATS,3/2/2018,2,D1,3/10/2018 13:23,X,2,0,N,0,OATS,New
11,OR_CL_25,REVERT,FR3,OATS,3/2/2018,3,D1,3/11/2018 13:23,X,3,0,N,0,OATS,Modify
11,OR_CL_25,REVERT,FR4,OATS,3/2/2018,4,D1,3/12/2018 13:23,X,4,0,N,0,OATS,Modify
11,OR_CL_25,REVERT,FR5,OATS,3/2/2018,5,D1,3/13/2018 13:23,X,5,0,N,0,OATS,Modify
22,OR_CL_25,REVERT,FR6,OATS,3/3/2018,6,D1,3/14/2018 13:23,X,6,0,N,0,OATS,Modify
22,OR_CL_25,REVERT,FR7,OATS,3/3/2018,7,D1,3/15/2018 13:23,X,7,0,N,0,OATS,Modify
22,OR_CL_25,REVERT,FR8,OATS,3/3/2018,8,D1,3/16/2018 13:23,X,8,0,N,0,OATS,Route
22,OR_CL_25,REVERT,FR9,OATS,3/3/2018,9,D1,3/17/2018 13:23,X,9,0,N,0,OATS,Route
22,OR_CL_25,REVERT,FR10,OATS,3/3/2018,10,D1,3/18/2018 13:23,X,10,0,N,0,OATS,Route
33,OR_CL_25,REVERT,FR11,OATS,3/4/2018,11,D1,3/19/2018 13:23,X,11,0,N,1,OATS,Modify
33,OR_CL_25,REVERT,FR12,OATS,3/4/2018,12,D1,3/20/2018 13:23,X,12,0,N,1,OATS,Modify
36,OR_CL_25,REVERT,FR14,OATS,3/4/2018,14,D1,3/22/2018 13:23,X,14,0,N,1,OATS,Route
41,OR_CL_25,REVERT,FR16,OATS,3/4/2018,16,D1,3/23/2019 13:23,X,15,0,N,1,OATS,Route
42,OR_CL_25,REVERT,FR17,OATS,3/4/2018,17,D1,3/23/2019 13:23,X,15,0,N,1,OATS,Route
43,OR_CL_25,REVERT,FR18,OATS,3/4/2018,18,D1,3/23/2019 13:23,X,15,0,N,1,OATS,Route
11,OR_CL_26,REVERT,FR1,OATS,3/2/2018,1,D1,3/9/2018 13:23,X,1,0,N,0,OATS,New
11,OR_CL_26,REVERT,FR2,OATS,3/2/2018,2,D1,3/10/2018 13:23,X,2,0,N,0,OATS,New
11,OR_CL_26,REVERT,FR3,OATS,3/2/2018,3,D1,3/11/2018 13:23,X,3,0,N,0,OATS,Modify
11,OR_CL_26,REVERT,FR4,OATS,3/2/2018,4,D1,3/12/2018 13:23,X,4,0,N,0,OATS,Modify
11,OR_CL_26,REVERT,FR5,OATS,3/2/2018,5,D1,3/13/2018 13:23,X,5,0,N,0,OATS,Modify
22,OR_CL_26,REVERT,FR6,OATS,3/3/2018,6,D1,3/14/2018 13:23,X,6,0,N,0,OATS,Modify
22,OR_CL_26,REVERT,FR7,OATS,3/3/2018,7,D1,3/15/2018 13:23,X,7,0,N,0,OATS,Modify
22,OR_CL_26,REVERT,FR8,OATS,3/3/2018,8,D1,3/16/2018 13:23,X,8,0,N,0,OATS,Route
22,OR_CL_26,REVERT,FR9,OATS,3/3/2018,9,D1,3/17/2018 13:23,X,9,0,N,0,OATS,Route
22,OR_CL_26,REVERT,FR10,OATS,3/3/2018,10,D1,3/18/2018 13:23,X,10,0,N,0,OATS,Route
33,OR_CL_26,REVERT,FR11,OATS,3/4/2018,11,D1,3/19/2018 13:23,X,11,0,N,1,OATS,Modify
33,OR_CL_26,REVERT,FR12,OATS,3/4/2018,12,D1,3/20/2018 13:23,X,12,0,N,1,OATS,Modify
36,OR_CL_26,REVERT,FR14,OATS,3/4/2018,14,D1,3/22/2018 13:23,X,14,0,N,1,OATS,Route
41,OR_CL_26,REVERT,FR16,OATS,3/4/2018,16,D1,3/23/2019 13:23,X,15,0,N,1,OATS,Route
42,OR_CL_26,REVERT,FR17,OATS,3/4/2018,17,D1,3/23/2019 13:23,X,15,0,N,1,OATS,Route
43,OR_CL_26,REVERT,FR18,OATS,3/4/2018,18,D1,3/23/2019 13:23,X,15,0,N,1,OATS,Route
11,OR_CL_27,REVERT,FR1,OATS,3/2/2018,1,D1,3/9/2018 13:23,X,1,0,N,0,OATS,New
11,OR_CL_27,REVERT,FR2,OATS,3/2/2018,2,D1,3/10/2018 13:23,X,2,0,N,0,OATS,New
11,OR_CL_27,REVERT,FR3,OATS,3/2/2018,3,D1,3/11/2018 13:23,X,3,0,N,0,OATS,Modify
11,OR_CL_27,REVERT,FR4,OATS,3/2/2018,4,D1,3/12/2018 13:23,X,4,0,N,0,OATS,Modify
11,OR_CL_27,REVERT,FR5,OATS,3/2/2018,5,D1,3/13/2018 13:23,X,5,0,N,0,OATS,Modify
22,OR_CL_27,REVERT,FR6,OATS,3/3/2018,6,D1,3/14/2018 13:23,X,6,0,N,0,OATS,Modify
22,OR_CL_27,REVERT,FR7,OATS,3/3/2018,7,D1,3/15/2018 13:23,X,7,0,N,0,OATS,Modify
22,OR_CL_27,REVERT,FR8,OATS,3/3/2018,8,D1,3/16/2018 13:23,X,8,0,N,0,OATS,Route
22,OR_CL_27,REVERT,FR9,OATS,3/3/2018,9,D1,3/17/2018 13:23,X,9,0,N,0,OATS,Route
22,OR_CL_27,REVERT,FR10,OATS,3/3/2018,10,D1,3/18/2018 13:23,X,10,0,N,0,OATS,Route
33,OR_CL_27,REVERT,FR11,OATS,3/4/2018,11,D1,3/19/2018 13:23,X,11,0,N,1,OATS,Modify
33,OR_CL_27,REVERT,FR12,OATS,3/4/2018,12,D1,3/20/2018 13:23,X,12,0,N,1,OATS,Modify
36,OR_CL_27,REVERT,FR14,OATS,3/4/2018,14,D1,3/22/2018 13:23,X,14,0,N,1,OATS,Route
41,OR_CL_27,REVERT,FR16,OATS,3/4/2018,16,D1,3/23/2019 13:23,X,15,0,N,1,OATS,Route
42,OR_CL_27,REVERT,FR17,OATS,3/4/2018,17,D1,3/23/2019 13:23,X,15,0,N,1,OATS,Route
43,OR_CL_27,REVERT,FR18,OATS,3/4/2018,18,D1,3/23/2019 13:23,X,15,0,N,1,OATS,Route
11,OR_CL_28,REVERT,FR1,OATS,3/2/2018,1,D1,3/9/2018 13:23,X,1,0,N,0,OATS,New
11,OR_CL_28,REVERT,FR2,OATS,3/2/2018,2,D1,3/10/2018 13:23,X,2,0,N,0,OATS,New
11,OR_CL_28,REVERT,FR3,OATS,3/2/2018,3,D1,3/11/2018 13:23,X,3,0,N,0,OATS,Modify
11,OR_CL_28,REVERT,FR4,OATS,3/2/2018,4,D1,3/12/2018 13:23,X,4,0,N,0,OATS,Modify
11,OR_CL_28,REVERT,FR5,OATS,3/2/2018,5,D1,3/13/2018 13:23,X,5,0,N,0,OATS,Modify
22,OR_CL_28,REVERT,FR6,OATS,3/3/2018,6,D1,3/14/2018 13:23,X,6,0,N,0,OATS,Modify
22,OR_CL_28,REVERT,FR7,OATS,3/3/2018,7,D1,3/15/2018 13:23,X,7,0,N,0,OATS,Modify
22,OR_CL_28,REVERT,FR8,OATS,3/3/2018,8,D1,3/16/2018 13:23,X,8,0,N,0,OATS,Route
22,OR_CL_28,REVERT,FR9,OATS,3/3/2018,9,D1,3/17/2018 13:23,X,9,0,N,0,OATS,Route
22,OR_CL_28,REVERT,FR10,OATS,3/3/2018,10,D1,3/18/2018 13:23,X,10,0,N,0,OATS,Route
33,OR_CL_28,REVERT,FR11,OATS,3/4/2018,11,D1,3/19/2018 13:23,X,11,0,N,1,OATS,Modify
33,OR_CL_28,REVERT,FR12,OATS,3/4/2018,12,D1,3/20/2018 13:23,X,12,0,N,1,OATS,Modify
36,OR_CL_28,REVERT,FR14,OATS,3/4/2018,14,D1,3/22/2018 13:23,X,14,0,N,1,OATS,Route
41,OR_CL_28,REVERT,FR16,OATS,3/4/2018,16,D1,3/23/2019 13:23,X,15,0,N,1,OATS,Route
42,OR_CL_28,REVERT,FR17,OATS,3/4/2018,17,D1,3/23/2019 13:23,X,15,0,N,1,OATS,Route
43,OR_CL_28,REVERT,FR18,OATS,3/4/2018,18,D1,3/23/2019 13:23,X,15,0,N,1,OATS,Route
11,OR_CL_29,REVERT,FR1,OATS,3/2/2018,1,D1,3/9/2018 13:23,X,1,0,N,0,OATS,New
11,OR_CL_29,REVERT,FR2,OATS,3/2/2018,2,D1,3/10/2018 13:23,X,2,0,N,0,OATS,New
11,OR_CL_29,REVERT,FR3,OATS,3/2/2018,3,D1,3/11/2018 13:23,X,3,0,N,0,OATS,Modify
11,OR_CL_29,REVERT,FR4,OATS,3/2/2018,4,D1,3/12/2018 13:23,X,4,0,N,0,OATS,Modify
11,OR_CL_29,REVERT,FR5,OATS,3/2/2018,5,D1,3/13/2018 13:23,X,5,0,N,0,OATS,Modify
22,OR_CL_29,REVERT,FR6,OATS,3/3/2018,6,D1,3/14/2018 13:23,X,6,0,N,0,OATS,Modify
22,OR_CL_29,REVERT,FR7,OATS,3/3/2018,7,D1,3/15/2018 13:23,X,7,0,N,0,OATS,Modify
22,OR_CL_29,REVERT,FR8,OATS,3/3/2018,8,D1,3/16/2018 13:23,X,8,0,N,0,OATS,Route
22,OR_CL_29,REVERT,FR9,OATS,3/3/2018,9,D1,3/17/2018 13:23,X,9,0,N,0,OATS,Route
22,OR_CL_29,REVERT,FR10,OATS,3/3/2018,10,D1,3/18/2018 13:23,X,10,0,N,0,OATS,Route
33,OR_CL_29,REVERT,FR11,OATS,3/4/2018,11,D1,3/19/2018 13:23,X,11,0,N,1,OATS,Modify
33,OR_CL_29,REVERT,FR12,OATS,3/4/2018,12,D1,3/20/2018 13:23,X,12,0,N,1,OATS,Modify
36,OR_CL_29,REVERT,FR14,OATS,3/4/2018,14,D1,3/22/2018 13:23,X,14,0,N,1,OATS,Route
41,OR_CL_29,REVERT,FR16,OATS,3/4/2018,16,D1,3/23/2019 13:23,X,15,0,N,1,OATS,Route
42,OR_CL_29,REVERT,FR17,OATS,3/4/2018,17,D1,3/23/2019 13:23,X,15,0,N,1,OATS,Route
43,OR_CL_29,REVERT,FR18,OATS,3/4/2018,18,D1,3/23/2019 13:23,X,15,0,N,1,OATS,Route
11,OR_CL_30,REVERT,FR1,OATS,3/2/2018,1,D1,3/9/2018 13:23,X,1,0,N,0,OATS,New
11,OR_CL_30,REVERT,FR2,OATS,3/2/2018,2,D1,3/10/2018 13:23,X,2,0,N,0,OATS,New
11,OR_CL_30,REVERT,FR3,OATS,3/2/2018,3,D1,3/11/2018 13:23,X,3,0,N,0,OATS,Modify
11,OR_CL_30,REVERT,FR4,OATS,3/2/2018,4,D1,3/12/2018 13:23,X,4,0,N,0,OATS,Modify
11,OR_CL_30,REVERT,FR5,OATS,3/2/2018,5,D1,3/13/2018 13:23,X,5,0,N,0,OATS,Modify
22,OR_CL_30,REVERT,FR6,OATS,3/3/2018,6,D1,3/14/2018 13:23,X,6,0,N,0,OATS,Modify
22,OR_CL_30,REVERT,FR7,OATS,3/3/2018,7,D1,3/15/2018 13:23,X,7,0,N,0,OATS,Modify
22,OR_CL_30,REVERT,FR8,OATS,3/3/2018,8,D1,3/16/2018 13:23,X,8,0,N,0,OATS,Route
22,OR_CL_30,REVERT,FR9,OATS,3/3/2018,9,D1,3/17/2018 13:23,X,9,0,N,0,OATS,Route
22,OR_CL_30,REVERT,FR10,OATS,3/3/2018,10,D1,3/18/2018 13:23,X,10,0,N,0,OATS,Route
33,OR_CL_30,REVERT,FR11,OATS,3/4/2018,11,D1,3/19/2018 13:23,X,11,0,N,1,OATS,Modify
33,OR_CL_30,REVERT,FR12,OATS,3/4/2018,12,D1,3/20/2018 13:23,X,12,0,N,1,OATS,Modify
36,OR_CL_30,REVERT,FR14,OATS,3/4/2018,14,D1,3/22/2018 13:23,X,14,0,N,1,OATS,Route
41,OR_CL_30,REVERT,FR16,OATS,3/4/2018,16,D1,3/23/2019 13:23,X,15,0,N,1,OATS,Route
42,OR_CL_30,REVERT,FR17,OATS,3/4/2018,17,D1,3/23/2019 13:23,X,15,0,N,1,OATS,Route
43,OR_CL_30,REVERT,FR18,OATS,3/4/2018,18,D1,3/23/2019 13:23,X,15,0,N,1,OATS,Route